<?xml version="1.0" encoding="UTF-8"?>
<results version="2">
    <cppcheck version="1.87"/>
    <errors>
        <error id="uselessAssignmentPtrArg" severity="warning" msg="Assignment of function parameter has no effect outside the function. Did you forget dereferencing it?" verbose="Assignment of function parameter has no effect outside the function. Did you forget dereferencing it?" sinceDate="08/04/2019">
            <location file="Motor2D\p2List.h" line="129"/>
        </error>
        <error id="nullPointerRedundantCheck" severity="warning" msg="Either the condition &amp;#039;p_item!=0&amp;#039; is redundant or there is possible null pointer dereference: p_item." verbose="Either the condition &amp;#039;p_item!=0&amp;#039; is redundant or there is possible null pointer dereference: p_item." sinceDate="08/04/2019">
            <location file="Motor2D\p2List.h" line="175" info="Null pointer dereference"/>
            <location file="Motor2D\p2List.h" line="164" info="Assuming that condition &amp;#039;p_item!=0&amp;#039; is not redundant"/>
        </error>
        <error id="unreadVariable" severity="style" msg="Variable &amp;#039;item&amp;#039; is assigned a value that is never used." verbose="Variable &amp;#039;item&amp;#039; is assigned a value that is never used." sinceDate="08/04/2019">
            <location file="Motor2D\p2List.h" line="129"/>
        </error>
        <error id="useInitializationList" severity="performance" msg="Variable &amp;#039;data&amp;#039; is assigned in constructor body. Consider performing initialization in initialization list." verbose="When an object of a class is created, the constructors of all member variables are called consecutively in the order the variables are declared, even if you don&amp;#039;t explicitly write them to the initialization list. You could avoid assigning &amp;#039;data&amp;#039; a value by passing the value to the constructor in the initialization list." sinceDate="08/04/2019">
            <location file="Motor2D\p2List.h" line="18"/>
        </error>
        <error id="functionConst" severity="style" msg="Technically the member function &amp;#039;p2List &amp;lt; p2SString &amp;gt;::BubbleSort&amp;#039; can be const." verbose="The member function &amp;#039;p2List &amp;lt; p2SString &amp;gt;::BubbleSort&amp;#039; can be made a const function. Making this function &amp;#039;const&amp;#039; should not cause compiler errors. Even though the function can be made const function technically it may not make sense conceptually. Think about your design and the task of the function first - is it a function that must not change object internal state?" inconclusive="true" sinceDate="08/04/2019">
            <location file="Motor2D\p2List.h" line="259"/>
        </error>
        <error id="functionConst" severity="style" msg="Technically the member function &amp;#039;p2List &amp;lt; p2SString &amp;gt;::find&amp;#039; can be const." verbose="The member function &amp;#039;p2List &amp;lt; p2SString &amp;gt;::find&amp;#039; can be made a const function. Making this function &amp;#039;const&amp;#039; should not cause compiler errors. Even though the function can be made const function technically it may not make sense conceptually. Think about your design and the task of the function first - is it a function that must not change object internal state?" inconclusive="true" sinceDate="08/04/2019">
            <location file="Motor2D\p2List.h" line="288"/>
        </error>
        <error id="functionConst" severity="style" msg="Technically the member function &amp;#039;p2List &amp;lt; j1Module * &amp;gt;::BubbleSort&amp;#039; can be const." verbose="The member function &amp;#039;p2List &amp;lt; j1Module * &amp;gt;::BubbleSort&amp;#039; can be made a const function. Making this function &amp;#039;const&amp;#039; should not cause compiler errors. Even though the function can be made const function technically it may not make sense conceptually. Think about your design and the task of the function first - is it a function that must not change object internal state?" inconclusive="true" sinceDate="08/04/2019">
            <location file="Motor2D\p2List.h" line="259"/>
        </error>
        <error id="functionConst" severity="style" msg="Technically the member function &amp;#039;p2List &amp;lt; j1Module * &amp;gt;::find&amp;#039; can be const." verbose="The member function &amp;#039;p2List &amp;lt; j1Module * &amp;gt;::find&amp;#039; can be made a const function. Making this function &amp;#039;const&amp;#039; should not cause compiler errors. Even though the function can be made const function technically it may not make sense conceptually. Think about your design and the task of the function first - is it a function that must not change object internal state?" inconclusive="true" sinceDate="08/04/2019">
            <location file="Motor2D\p2List.h" line="288"/>
        </error>
        <error id="noExplicitConstructor" severity="style" msg="Struct &amp;#039;p2List_item &amp;lt; p2SString &amp;gt;&amp;#039; has a constructor with 1 argument that is not explicit." verbose="Struct &amp;#039;p2List_item &amp;lt; p2SString &amp;gt;&amp;#039; has a constructor with 1 argument that is not explicit. Such constructors should in general be explicit for type safety reasons. Using the explicit keyword in the constructor means some mistakes when using the class can be avoided." sinceDate="08/04/2019">
            <location file="Motor2D\p2List.h" line="16"/>
        </error>
        <error id="noExplicitConstructor" severity="style" msg="Struct &amp;#039;p2List_item &amp;lt; j1Module * &amp;gt;&amp;#039; has a constructor with 1 argument that is not explicit." verbose="Struct &amp;#039;p2List_item &amp;lt; j1Module * &amp;gt;&amp;#039; has a constructor with 1 argument that is not explicit. Such constructors should in general be explicit for type safety reasons. Using the explicit keyword in the constructor means some mistakes when using the class can be avoided." sinceDate="08/04/2019">
            <location file="Motor2D\p2List.h" line="16"/>
        </error>
        <error id="functionConst" severity="style" msg="Technically the member function &amp;#039;p2List &amp;lt; Mix_Chunk * &amp;gt;::BubbleSort&amp;#039; can be const." verbose="The member function &amp;#039;p2List &amp;lt; Mix_Chunk * &amp;gt;::BubbleSort&amp;#039; can be made a const function. Making this function &amp;#039;const&amp;#039; should not cause compiler errors. Even though the function can be made const function technically it may not make sense conceptually. Think about your design and the task of the function first - is it a function that must not change object internal state?" inconclusive="true" sinceDate="08/04/2019">
            <location file="Motor2D\p2List.h" line="259"/>
        </error>
        <error id="functionConst" severity="style" msg="Technically the member function &amp;#039;p2List &amp;lt; Mix_Chunk * &amp;gt;::find&amp;#039; can be const." verbose="The member function &amp;#039;p2List &amp;lt; Mix_Chunk * &amp;gt;::find&amp;#039; can be made a const function. Making this function &amp;#039;const&amp;#039; should not cause compiler errors. Even though the function can be made const function technically it may not make sense conceptually. Think about your design and the task of the function first - is it a function that must not change object internal state?" inconclusive="true" sinceDate="08/04/2019">
            <location file="Motor2D\p2List.h" line="288"/>
        </error>
        <error id="noExplicitConstructor" severity="style" msg="Struct &amp;#039;p2List_item &amp;lt; Mix_Chunk * &amp;gt;&amp;#039; has a constructor with 1 argument that is not explicit." verbose="Struct &amp;#039;p2List_item &amp;lt; Mix_Chunk * &amp;gt;&amp;#039; has a constructor with 1 argument that is not explicit. Such constructors should in general be explicit for type safety reasons. Using the explicit keyword in the constructor means some mistakes when using the class can be avoided." sinceDate="08/04/2019">
            <location file="Motor2D\p2List.h" line="16"/>
        </error>
        <error id="functionConst" severity="style" msg="Technically the member function &amp;#039;p2List &amp;lt; PathNode &amp;gt;::BubbleSort&amp;#039; can be const." verbose="The member function &amp;#039;p2List &amp;lt; PathNode &amp;gt;::BubbleSort&amp;#039; can be made a const function. Making this function &amp;#039;const&amp;#039; should not cause compiler errors. Even though the function can be made const function technically it may not make sense conceptually. Think about your design and the task of the function first - is it a function that must not change object internal state?" inconclusive="true" sinceDate="08/04/2019">
            <location file="Motor2D\p2List.h" line="259"/>
        </error>
        <error id="functionConst" severity="style" msg="Technically the member function &amp;#039;p2List &amp;lt; PathNode &amp;gt;::find&amp;#039; can be const." verbose="The member function &amp;#039;p2List &amp;lt; PathNode &amp;gt;::find&amp;#039; can be made a const function. Making this function &amp;#039;const&amp;#039; should not cause compiler errors. Even though the function can be made const function technically it may not make sense conceptually. Think about your design and the task of the function first - is it a function that must not change object internal state?" inconclusive="true" sinceDate="08/04/2019">
            <location file="Motor2D\p2List.h" line="288"/>
        </error>
        <error id="noExplicitConstructor" severity="style" msg="Struct &amp;#039;p2List_item &amp;lt; PathNode &amp;gt;&amp;#039; has a constructor with 1 argument that is not explicit." verbose="Struct &amp;#039;p2List_item &amp;lt; PathNode &amp;gt;&amp;#039; has a constructor with 1 argument that is not explicit. Such constructors should in general be explicit for type safety reasons. Using the explicit keyword in the constructor means some mistakes when using the class can be avoided." sinceDate="08/04/2019">
            <location file="Motor2D\p2List.h" line="16"/>
        </error>
        <error id="functionConst" severity="style" msg="Technically the member function &amp;#039;p2List &amp;lt; SDL_Texture * &amp;gt;::BubbleSort&amp;#039; can be const." verbose="The member function &amp;#039;p2List &amp;lt; SDL_Texture * &amp;gt;::BubbleSort&amp;#039; can be made a const function. Making this function &amp;#039;const&amp;#039; should not cause compiler errors. Even though the function can be made const function technically it may not make sense conceptually. Think about your design and the task of the function first - is it a function that must not change object internal state?" inconclusive="true" sinceDate="08/04/2019">
            <location file="Motor2D\p2List.h" line="259"/>
        </error>
        <error id="functionConst" severity="style" msg="Technically the member function &amp;#039;p2List &amp;lt; SDL_Texture * &amp;gt;::find&amp;#039; can be const." verbose="The member function &amp;#039;p2List &amp;lt; SDL_Texture * &amp;gt;::find&amp;#039; can be made a const function. Making this function &amp;#039;const&amp;#039; should not cause compiler errors. Even though the function can be made const function technically it may not make sense conceptually. Think about your design and the task of the function first - is it a function that must not change object internal state?" inconclusive="true" sinceDate="08/04/2019">
            <location file="Motor2D\p2List.h" line="288"/>
        </error>
        <error id="functionConst" severity="style" msg="Technically the member function &amp;#039;p2List &amp;lt; Property * &amp;gt;::BubbleSort&amp;#039; can be const." verbose="The member function &amp;#039;p2List &amp;lt; Property * &amp;gt;::BubbleSort&amp;#039; can be made a const function. Making this function &amp;#039;const&amp;#039; should not cause compiler errors. Even though the function can be made const function technically it may not make sense conceptually. Think about your design and the task of the function first - is it a function that must not change object internal state?" inconclusive="true" sinceDate="08/04/2019">
            <location file="Motor2D\p2List.h" line="259"/>
        </error>
        <error id="functionConst" severity="style" msg="Technically the member function &amp;#039;p2List &amp;lt; Property * &amp;gt;::find&amp;#039; can be const." verbose="The member function &amp;#039;p2List &amp;lt; Property * &amp;gt;::find&amp;#039; can be made a const function. Making this function &amp;#039;const&amp;#039; should not cause compiler errors. Even though the function can be made const function technically it may not make sense conceptually. Think about your design and the task of the function first - is it a function that must not change object internal state?" inconclusive="true" sinceDate="08/04/2019">
            <location file="Motor2D\p2List.h" line="288"/>
        </error>
        <error id="functionConst" severity="style" msg="Technically the member function &amp;#039;p2List &amp;lt; TileSet * &amp;gt;::BubbleSort&amp;#039; can be const." verbose="The member function &amp;#039;p2List &amp;lt; TileSet * &amp;gt;::BubbleSort&amp;#039; can be made a const function. Making this function &amp;#039;const&amp;#039; should not cause compiler errors. Even though the function can be made const function technically it may not make sense conceptually. Think about your design and the task of the function first - is it a function that must not change object internal state?" inconclusive="true" sinceDate="08/04/2019">
            <location file="Motor2D\p2List.h" line="259"/>
        </error>
        <error id="functionConst" severity="style" msg="Technically the member function &amp;#039;p2List &amp;lt; TileSet * &amp;gt;::find&amp;#039; can be const." verbose="The member function &amp;#039;p2List &amp;lt; TileSet * &amp;gt;::find&amp;#039; can be made a const function. Making this function &amp;#039;const&amp;#039; should not cause compiler errors. Even though the function can be made const function technically it may not make sense conceptually. Think about your design and the task of the function first - is it a function that must not change object internal state?" inconclusive="true" sinceDate="08/04/2019">
            <location file="Motor2D\p2List.h" line="288"/>
        </error>
        <error id="functionConst" severity="style" msg="Technically the member function &amp;#039;p2List &amp;lt; MapLayer * &amp;gt;::BubbleSort&amp;#039; can be const." verbose="The member function &amp;#039;p2List &amp;lt; MapLayer * &amp;gt;::BubbleSort&amp;#039; can be made a const function. Making this function &amp;#039;const&amp;#039; should not cause compiler errors. Even though the function can be made const function technically it may not make sense conceptually. Think about your design and the task of the function first - is it a function that must not change object internal state?" inconclusive="true" sinceDate="08/04/2019">
            <location file="Motor2D\p2List.h" line="259"/>
        </error>
        <error id="functionConst" severity="style" msg="Technically the member function &amp;#039;p2List &amp;lt; MapLayer * &amp;gt;::find&amp;#039; can be const." verbose="The member function &amp;#039;p2List &amp;lt; MapLayer * &amp;gt;::find&amp;#039; can be made a const function. Making this function &amp;#039;const&amp;#039; should not cause compiler errors. Even though the function can be made const function technically it may not make sense conceptually. Think about your design and the task of the function first - is it a function that must not change object internal state?" inconclusive="true" sinceDate="08/04/2019">
            <location file="Motor2D\p2List.h" line="288"/>
        </error>
        <error id="noExplicitConstructor" severity="style" msg="Struct &amp;#039;p2List_item &amp;lt; Property * &amp;gt;&amp;#039; has a constructor with 1 argument that is not explicit." verbose="Struct &amp;#039;p2List_item &amp;lt; Property * &amp;gt;&amp;#039; has a constructor with 1 argument that is not explicit. Such constructors should in general be explicit for type safety reasons. Using the explicit keyword in the constructor means some mistakes when using the class can be avoided." sinceDate="08/04/2019">
            <location file="Motor2D\p2List.h" line="16"/>
        </error>
        <error id="noExplicitConstructor" severity="style" msg="Struct &amp;#039;p2List_item &amp;lt; MapLayer * &amp;gt;&amp;#039; has a constructor with 1 argument that is not explicit." verbose="Struct &amp;#039;p2List_item &amp;lt; MapLayer * &amp;gt;&amp;#039; has a constructor with 1 argument that is not explicit. Such constructors should in general be explicit for type safety reasons. Using the explicit keyword in the constructor means some mistakes when using the class can be avoided." sinceDate="08/04/2019">
            <location file="Motor2D\p2List.h" line="16"/>
        </error>
        <error id="noExplicitConstructor" severity="style" msg="Struct &amp;#039;p2List_item &amp;lt; TileSet * &amp;gt;&amp;#039; has a constructor with 1 argument that is not explicit." verbose="Struct &amp;#039;p2List_item &amp;lt; TileSet * &amp;gt;&amp;#039; has a constructor with 1 argument that is not explicit. Such constructors should in general be explicit for type safety reasons. Using the explicit keyword in the constructor means some mistakes when using the class can be avoided." sinceDate="08/04/2019">
            <location file="Motor2D\p2List.h" line="16"/>
        </error>
        <error id="noExplicitConstructor" severity="style" msg="Struct &amp;#039;p2List_item &amp;lt; SDL_Texture * &amp;gt;&amp;#039; has a constructor with 1 argument that is not explicit." verbose="Struct &amp;#039;p2List_item &amp;lt; SDL_Texture * &amp;gt;&amp;#039; has a constructor with 1 argument that is not explicit. Such constructors should in general be explicit for type safety reasons. Using the explicit keyword in the constructor means some mistakes when using the class can be avoided." sinceDate="08/04/2019">
            <location file="Motor2D\p2List.h" line="16"/>
        </error>
        <error id="unreachableCode" severity="style" msg="Statements following return, break, continue, goto or throw will never be executed." verbose="Statements following return, break, continue, goto or throw will never be executed." inconclusive="true" sinceDate="08/04/2019">
            <location file="Motor2D\p2SString.h" line="155"/>
        </error>
        <error id="operatorEq" severity="style" msg="&amp;#039;p2SString::operator=&amp;#039; should return &amp;#039;p2SString &amp;amp;&amp;#039;." verbose="The p2SString::operator= does not conform to standard C/C++ behaviour. To conform to standard C/C++ behaviour, return a reference to self (such as: &amp;#039;p2SString &amp;amp;p2SString::operator=(..) { .. return *this; }&amp;#039;. For safety reasons it might be better to not fix this message. If you think that safety is always more important than conformance then please ignore/suppress this message. For more details about this topic, see the book &amp;quot;Effective C++&amp;quot; by Scott Meyers." sinceDate="08/04/2019">
            <location file="Motor2D\p2SString.h" line="134"/>
        </error>
        <error id="functionConst" severity="style" msg="Technically the member function &amp;#039;p2SString::Cut&amp;#039; can be const." verbose="The member function &amp;#039;p2SString::Cut&amp;#039; can be made a const function. Making this function &amp;#039;const&amp;#039; should not cause compiler errors. Even though the function can be made const function technically it may not make sense conceptually. Think about your design and the task of the function first - is it a function that must not change object internal state?" inconclusive="true" sinceDate="08/04/2019">
            <location file="Motor2D\p2SString.h" line="233"/>
        </error>
        <error id="noExplicitConstructor" severity="style" msg="Class &amp;#039;p2SString&amp;#039; has a constructor with 1 argument that is not explicit." verbose="Class &amp;#039;p2SString&amp;#039; has a constructor with 1 argument that is not explicit. Such constructors should in general be explicit for type safety reasons. Using the explicit keyword in the constructor means some mistakes when using the class can be avoided." sinceDate="08/04/2019">
            <location file="Motor2D\p2SString.h" line="28"/>
        </error>
        <error id="noExplicitConstructor" severity="style" msg="Class &amp;#039;xml_writer_file&amp;#039; has a constructor with 1 argument that is not explicit." verbose="Class &amp;#039;xml_writer_file&amp;#039; has a constructor with 1 argument that is not explicit. Such constructors should in general be explicit for type safety reasons. Using the explicit keyword in the constructor means some mistakes when using the class can be avoided." sinceDate="08/04/2019">
            <location file="Motor2D\PugiXml\src\pugixml.hpp" line="266"/>
        </error>
        <error id="noExplicitConstructor" severity="style" msg="Class &amp;#039;xml_writer_stream&amp;#039; has a constructor with 1 argument that is not explicit." verbose="Class &amp;#039;xml_writer_stream&amp;#039; has a constructor with 1 argument that is not explicit. Such constructors should in general be explicit for type safety reasons. Using the explicit keyword in the constructor means some mistakes when using the class can be avoided." sinceDate="08/04/2019">
            <location file="Motor2D\PugiXml\src\pugixml.hpp" line="280"/>
        </error>
        <error id="noExplicitConstructor" severity="style" msg="Class &amp;#039;xml_writer_stream&amp;#039; has a constructor with 1 argument that is not explicit." verbose="Class &amp;#039;xml_writer_stream&amp;#039; has a constructor with 1 argument that is not explicit. Such constructors should in general be explicit for type safety reasons. Using the explicit keyword in the constructor means some mistakes when using the class can be avoided." sinceDate="08/04/2019">
            <location file="Motor2D\PugiXml\src\pugixml.hpp" line="281"/>
        </error>
        <error id="noExplicitConstructor" severity="style" msg="Class &amp;#039;xml_node_iterator&amp;#039; has a constructor with 1 argument that is not explicit." verbose="Class &amp;#039;xml_node_iterator&amp;#039; has a constructor with 1 argument that is not explicit. Such constructors should in general be explicit for type safety reasons. Using the explicit keyword in the constructor means some mistakes when using the class can be avoided." sinceDate="08/04/2019">
            <location file="Motor2D\PugiXml\src\pugixml.hpp" line="756"/>
        </error>
        <error id="noExplicitConstructor" severity="style" msg="Class &amp;#039;xpath_node&amp;#039; has a constructor with 1 argument that is not explicit." verbose="Class &amp;#039;xpath_node&amp;#039; has a constructor with 1 argument that is not explicit. Such constructors should in general be explicit for type safety reasons. Using the explicit keyword in the constructor means some mistakes when using the class can be avoided." sinceDate="08/04/2019">
            <location file="Motor2D\PugiXml\src\pugixml.hpp" line="1198"/>
        </error>
        <error id="missingOverride" severity="style" msg="The function &amp;#039;write&amp;#039; overrides a function in a base class but is not marked with a &amp;#039;override&amp;#039; specifier." verbose="The function &amp;#039;write&amp;#039; overrides a function in a base class but is not marked with a &amp;#039;override&amp;#039; specifier." sinceDate="08/04/2019">
            <location file="Motor2D\PugiXml\src\pugixml.hpp" line="268" info="Function in derived class"/>
            <location file="Motor2D\PugiXml\src\pugixml.hpp" line="258" info="Virtual function in base class"/>
        </error>
        <error id="missingOverride" severity="style" msg="The function &amp;#039;write&amp;#039; overrides a function in a base class but is not marked with a &amp;#039;override&amp;#039; specifier." verbose="The function &amp;#039;write&amp;#039; overrides a function in a base class but is not marked with a &amp;#039;override&amp;#039; specifier." sinceDate="08/04/2019">
            <location file="Motor2D\PugiXml\src\pugixml.hpp" line="283" info="Function in derived class"/>
            <location file="Motor2D\PugiXml\src\pugixml.hpp" line="258" info="Virtual function in base class"/>
        </error>
        <error id="uninitMemberVar" severity="warning" msg="Member variable &amp;#039;j1Input::windowEvents&amp;#039; is not initialized in the constructor." verbose="Member variable &amp;#039;j1Input::windowEvents&amp;#039; is not initialized in the constructor." sinceDate="08/04/2019">
            <location file="Motor2D\j1Input.cpp" line="10"/>
        </error>
        <error id="uninitMemberVar" severity="warning" msg="Member variable &amp;#039;j1Input::mouse_motion_x&amp;#039; is not initialized in the constructor." verbose="Member variable &amp;#039;j1Input::mouse_motion_x&amp;#039; is not initialized in the constructor." sinceDate="08/04/2019">
            <location file="Motor2D\j1Input.cpp" line="10"/>
        </error>
        <error id="uninitMemberVar" severity="warning" msg="Member variable &amp;#039;j1Input::mouse_motion_y&amp;#039; is not initialized in the constructor." verbose="Member variable &amp;#039;j1Input::mouse_motion_y&amp;#039; is not initialized in the constructor." sinceDate="08/04/2019">
            <location file="Motor2D\j1Input.cpp" line="10"/>
        </error>
        <error id="uninitMemberVar" severity="warning" msg="Member variable &amp;#039;j1Input::mouse_x&amp;#039; is not initialized in the constructor." verbose="Member variable &amp;#039;j1Input::mouse_x&amp;#039; is not initialized in the constructor." sinceDate="08/04/2019">
            <location file="Motor2D\j1Input.cpp" line="10"/>
        </error>
        <error id="uninitMemberVar" severity="warning" msg="Member variable &amp;#039;j1Input::mouse_y&amp;#039; is not initialized in the constructor." verbose="Member variable &amp;#039;j1Input::mouse_y&amp;#039; is not initialized in the constructor." sinceDate="08/04/2019">
            <location file="Motor2D\j1Input.cpp" line="10"/>
        </error>
        <error id="noCopyConstructor" severity="style" msg="Class &amp;#039;j1Input&amp;#039; does not have a copy constructor which is recommended since it has dynamic memory/resource allocation(s)." verbose="Class &amp;#039;j1Input&amp;#039; does not have a copy constructor which is recommended since it has dynamic memory/resource allocation(s)." sinceDate="08/04/2019">
            <location file="Motor2D\j1Input.cpp" line="14"/>
        </error>
        <error id="noOperatorEq" severity="style" msg="Class &amp;#039;j1Input&amp;#039; does not have a operator= which is recommended since it has dynamic memory/resource allocation(s)." verbose="Class &amp;#039;j1Input&amp;#039; does not have a operator= which is recommended since it has dynamic memory/resource allocation(s)." sinceDate="08/04/2019">
            <location file="Motor2D\j1Input.cpp" line="14"/>
        </error>
        <error id="functionConst" severity="style" msg="Technically the member function &amp;#039;j1Input::GetWindowEvent&amp;#039; can be const." verbose="The member function &amp;#039;j1Input::GetWindowEvent&amp;#039; can be made a const function. Making this function &amp;#039;const&amp;#039; should not cause compiler errors. Even though the function can be made const function technically it may not make sense conceptually. Think about your design and the task of the function first - is it a function that must not change object internal state?" inconclusive="true" sinceDate="08/04/2019">
            <location file="Motor2D\j1Input.h" line="51" info=""/>
            <location file="Motor2D\j1Input.cpp" line="143" info=""/>
        </error>
        <error id="functionConst" severity="style" msg="Technically the member function &amp;#039;j1Input::GetMousePosition&amp;#039; can be const." verbose="The member function &amp;#039;j1Input::GetMousePosition&amp;#039; can be made a const function. Making this function &amp;#039;const&amp;#039; should not cause compiler errors. Even though the function can be made const function technically it may not make sense conceptually. Think about your design and the task of the function first - is it a function that must not change object internal state?" inconclusive="true" sinceDate="08/04/2019">
            <location file="Motor2D\j1Input.h" line="68" info=""/>
            <location file="Motor2D\j1Input.cpp" line="148" info=""/>
        </error>
        <error id="functionConst" severity="style" msg="Technically the member function &amp;#039;j1Input::GetMouseMotion&amp;#039; can be const." verbose="The member function &amp;#039;j1Input::GetMouseMotion&amp;#039; can be made a const function. Making this function &amp;#039;const&amp;#039; should not cause compiler errors. Even though the function can be made const function technically it may not make sense conceptually. Think about your design and the task of the function first - is it a function that must not change object internal state?" inconclusive="true" sinceDate="08/04/2019">
            <location file="Motor2D\j1Input.h" line="69" info=""/>
            <location file="Motor2D\j1Input.cpp" line="154" info=""/>
        </error>
        <error id="missingOverride" severity="style" msg="The function &amp;#039;Awake&amp;#039; overrides a function in a base class but is not marked with a &amp;#039;override&amp;#039; specifier." verbose="The function &amp;#039;Awake&amp;#039; overrides a function in a base class but is not marked with a &amp;#039;override&amp;#039; specifier." sinceDate="08/04/2019">
            <location file="Motor2D\j1Input.h" line="39" info="Function in derived class"/>
            <location file="Motor2D\j1Module.h" line="30" info="Virtual function in base class"/>
        </error>
        <error id="missingOverride" severity="style" msg="The function &amp;#039;Start&amp;#039; overrides a function in a base class but is not marked with a &amp;#039;override&amp;#039; specifier." verbose="The function &amp;#039;Start&amp;#039; overrides a function in a base class but is not marked with a &amp;#039;override&amp;#039; specifier." sinceDate="08/04/2019">
            <location file="Motor2D\j1Input.h" line="42" info="Function in derived class"/>
            <location file="Motor2D\j1Module.h" line="36" info="Virtual function in base class"/>
        </error>
        <error id="missingOverride" severity="style" msg="The function &amp;#039;PreUpdate&amp;#039; overrides a function in a base class but is not marked with a &amp;#039;override&amp;#039; specifier." verbose="The function &amp;#039;PreUpdate&amp;#039; overrides a function in a base class but is not marked with a &amp;#039;override&amp;#039; specifier." sinceDate="08/04/2019">
            <location file="Motor2D\j1Input.h" line="45" info="Function in derived class"/>
            <location file="Motor2D\j1Module.h" line="42" info="Virtual function in base class"/>
        </error>
        <error id="missingOverride" severity="style" msg="The function &amp;#039;CleanUp&amp;#039; overrides a function in a base class but is not marked with a &amp;#039;override&amp;#039; specifier." verbose="The function &amp;#039;CleanUp&amp;#039; overrides a function in a base class but is not marked with a &amp;#039;override&amp;#039; specifier." sinceDate="08/04/2019">
            <location file="Motor2D\j1Input.h" line="48" info="Function in derived class"/>
            <location file="Motor2D\j1Module.h" line="60" info="Virtual function in base class"/>
        </error>
        <error id="missingOverride" severity="style" msg="The function &amp;#039;Awake&amp;#039; overrides a function in a base class but is not marked with a &amp;#039;override&amp;#039; specifier." verbose="The function &amp;#039;Awake&amp;#039; overrides a function in a base class but is not marked with a &amp;#039;override&amp;#039; specifier." sinceDate="08/04/2019">
            <location file="Motor2D\j1Window.h" line="19" info="Function in derived class"/>
            <location file="Motor2D\j1Module.h" line="30" info="Virtual function in base class"/>
        </error>
        <error id="missingOverride" severity="style" msg="The function &amp;#039;CleanUp&amp;#039; overrides a function in a base class but is not marked with a &amp;#039;override&amp;#039; specifier." verbose="The function &amp;#039;CleanUp&amp;#039; overrides a function in a base class but is not marked with a &amp;#039;override&amp;#039; specifier." sinceDate="08/04/2019">
            <location file="Motor2D\j1Window.h" line="22" info="Function in derived class"/>
            <location file="Motor2D\j1Module.h" line="60" info="Virtual function in base class"/>
        </error>
        <error id="invalidScanfArgType_int" severity="warning" msg="%x in format string (no. 1) requires &amp;#039;unsigned int *&amp;#039; but the argument type is &amp;#039;signed int *&amp;#039;." verbose="%x in format string (no. 1) requires &amp;#039;unsigned int *&amp;#039; but the argument type is &amp;#039;signed int *&amp;#039;." sinceDate="08/04/2019">
            <location file="Motor2D\j1Map.cpp" line="305"/>
        </error>
        <error id="invalidScanfArgType_int" severity="warning" msg="%x in format string (no. 1) requires &amp;#039;unsigned int *&amp;#039; but the argument type is &amp;#039;signed int *&amp;#039;." verbose="%x in format string (no. 1) requires &amp;#039;unsigned int *&amp;#039; but the argument type is &amp;#039;signed int *&amp;#039;." sinceDate="08/04/2019">
            <location file="Motor2D\j1Map.cpp" line="308"/>
        </error>
        <error id="invalidScanfArgType_int" severity="warning" msg="%x in format string (no. 1) requires &amp;#039;unsigned int *&amp;#039; but the argument type is &amp;#039;signed int *&amp;#039;." verbose="%x in format string (no. 1) requires &amp;#039;unsigned int *&amp;#039; but the argument type is &amp;#039;signed int *&amp;#039;." sinceDate="08/04/2019">
            <location file="Motor2D\j1Map.cpp" line="311"/>
        </error>
        <error id="redundantAssignment" severity="style" msg="Variable &amp;#039;item&amp;#039; is reassigned a value before the old one has been used." verbose="Variable &amp;#039;item&amp;#039; is reassigned a value before the old one has been used." sinceDate="08/04/2019">
            <location file="Motor2D\j1Map.cpp" line="461" info=""/>
            <location file="Motor2D\j1Map.cpp" line="459" info=""/>
        </error>
        <error id="unreadVariable" severity="style" msg="Variable &amp;#039;layer&amp;#039; is assigned a value that is never used." verbose="Variable &amp;#039;layer&amp;#039; is assigned a value that is never used." sinceDate="08/04/2019">
            <location file="Motor2D\j1Map.cpp" line="413"/>
        </error>
        <error id="uninitMemberVar" severity="warning" msg="Member variable &amp;#039;j1Map::data&amp;#039; is not initialized in the constructor." verbose="Member variable &amp;#039;j1Map::data&amp;#039; is not initialized in the constructor." sinceDate="08/04/2019">
            <location file="Motor2D\j1Map.cpp" line="9"/>
        </error>
        <error id="missingOverride" severity="style" msg="The function &amp;#039;Awake&amp;#039; overrides a function in a base class but is not marked with a &amp;#039;override&amp;#039; specifier." verbose="The function &amp;#039;Awake&amp;#039; overrides a function in a base class but is not marked with a &amp;#039;override&amp;#039; specifier." sinceDate="08/04/2019">
            <location file="Motor2D\j1Audio.h" line="21" info="Function in derived class"/>
            <location file="Motor2D\j1Module.h" line="30" info="Virtual function in base class"/>
        </error>
        <error id="missingOverride" severity="style" msg="The function &amp;#039;CleanUp&amp;#039; overrides a function in a base class but is not marked with a &amp;#039;override&amp;#039; specifier." verbose="The function &amp;#039;CleanUp&amp;#039; overrides a function in a base class but is not marked with a &amp;#039;override&amp;#039; specifier." sinceDate="08/04/2019">
            <location file="Motor2D\j1Audio.h" line="24" info="Function in derived class"/>
            <location file="Motor2D\j1Module.h" line="60" info="Virtual function in base class"/>
        </error>
        <error id="variableScope" severity="style" msg="The scope of the variable &amp;#039;count&amp;#039; can be reduced." verbose="The scope of the variable &amp;#039;count&amp;#039; can be reduced. Warning: Be careful when fixing this message, especially when there are inner loops. Here is an example where cppcheck will write that the scope for &amp;#039;i&amp;#039; can be reduced:&#10;void f(int x)&#10;{&#10;    int i = 0;&#10;    if (x) {&#10;        // it&amp;#039;s safe to move &amp;#039;int i = 0;&amp;#039; here&#10;        for (int n = 0; n &amp;lt; 10; ++n) {&#10;            // it is possible but not safe to move &amp;#039;int i = 0;&amp;#039; here&#10;            do_something(&amp;amp;i);&#10;        }&#10;    }&#10;}&#10;When you see this message it is always safe to reduce the variable scope 1 level." sinceDate="08/04/2019">
            <location file="Motor2D\p2DynArray.h" line="191"/>
        </error>
        <error id="initializerList" severity="style" msg="Member variable &amp;#039;p2DynArray &amp;lt; p2Point &amp;lt; int &amp;gt; &amp;gt;::data&amp;#039; is in the wrong place in the initializer list." verbose="Member variable &amp;#039;p2DynArray &amp;lt; p2Point &amp;lt; int &amp;gt; &amp;gt;::data&amp;#039; is in the wrong place in the initializer list. Members are initialized in the order they are declared, not in the order they are in the initializer list.  Keeping the initializer list in the same order that the members were declared prevents order dependent initialization errors." inconclusive="true" sinceDate="08/04/2019">
            <location file="Motor2D\p2DynArray.h" line="17" info=""/>
            <location file="Motor2D\p2DynArray.h" line="24" info=""/>
        </error>
        <error id="noExplicitConstructor" severity="style" msg="Class &amp;#039;p2DynArray &amp;lt; p2Point &amp;lt; int &amp;gt; &amp;gt;&amp;#039; has a constructor with 1 argument that is not explicit." verbose="Class &amp;#039;p2DynArray &amp;lt; p2Point &amp;lt; int &amp;gt; &amp;gt;&amp;#039; has a constructor with 1 argument that is not explicit. Such constructors should in general be explicit for type safety reasons. Using the explicit keyword in the constructor means some mistakes when using the class can be avoided." sinceDate="08/04/2019">
            <location file="Motor2D\p2DynArray.h" line="29"/>
        </error>
        <error id="uninitMemberVar" severity="warning" msg="Member variable &amp;#039;p2Point &amp;lt; int &amp;gt;::x&amp;#039; is not initialized in the constructor." verbose="Member variable &amp;#039;p2Point &amp;lt; int &amp;gt;::x&amp;#039; is not initialized in the constructor." inconclusive="true" sinceDate="08/04/2019">
            <location file="Motor2D\p2Point.h" line="18"/>
        </error>
        <error id="uninitMemberVar" severity="warning" msg="Member variable &amp;#039;p2Point &amp;lt; int &amp;gt;::y&amp;#039; is not initialized in the constructor." verbose="Member variable &amp;#039;p2Point &amp;lt; int &amp;gt;::y&amp;#039; is not initialized in the constructor." inconclusive="true" sinceDate="08/04/2019">
            <location file="Motor2D\p2Point.h" line="18"/>
        </error>
        <error id="uninitMemberVar" severity="warning" msg="Member variable &amp;#039;MapLayer::width&amp;#039; is not initialized in the constructor." verbose="Member variable &amp;#039;MapLayer::width&amp;#039; is not initialized in the constructor." sinceDate="08/04/2019">
            <location file="Motor2D\j1Map.h" line="46"/>
        </error>
        <error id="uninitMemberVar" severity="warning" msg="Member variable &amp;#039;MapLayer::height&amp;#039; is not initialized in the constructor." verbose="Member variable &amp;#039;MapLayer::height&amp;#039; is not initialized in the constructor." sinceDate="08/04/2019">
            <location file="Motor2D\j1Map.h" line="46"/>
        </error>
        <error id="functionConst" severity="style" msg="Technically the member function &amp;#039;j1Map::Draw&amp;#039; can be const." verbose="The member function &amp;#039;j1Map::Draw&amp;#039; can be made a const function. Making this function &amp;#039;const&amp;#039; should not cause compiler errors. Even though the function can be made const function technically it may not make sense conceptually. Think about your design and the task of the function first - is it a function that must not change object internal state?" inconclusive="true" sinceDate="08/04/2019">
            <location file="Motor2D\j1Map.h" line="114" info=""/>
            <location file="Motor2D\j1Map.cpp" line="29" info=""/>
        </error>
        <error id="functionStatic" severity="performance" msg="Technically the member function &amp;#039;j1Map::LoadTilesetDetails&amp;#039; can be static (but you may consider moving to unnamed namespace)." verbose="The member function &amp;#039;j1Map::LoadTilesetDetails&amp;#039; can be made a static function. Making a function static can bring a performance benefit since no &amp;#039;this&amp;#039; instance is passed to the function. This change should not cause compiler errors but it does not necessarily make sense conceptually. Think about your design and the task of the function first - is it a function that must not access members of class instances? And maybe it is more appropriate to move this function to a unnamed namespace." inconclusive="true" sinceDate="08/04/2019">
            <location file="Motor2D\j1Map.h" line="129" info=""/>
            <location file="Motor2D\j1Map.cpp" line="338" info=""/>
        </error>
        <error id="missingOverride" severity="style" msg="The function &amp;#039;Awake&amp;#039; overrides a function in a base class but is not marked with a &amp;#039;override&amp;#039; specifier." verbose="The function &amp;#039;Awake&amp;#039; overrides a function in a base class but is not marked with a &amp;#039;override&amp;#039; specifier." sinceDate="08/04/2019">
            <location file="Motor2D\j1Map.h" line="111" info="Function in derived class"/>
            <location file="Motor2D\j1Module.h" line="30" info="Virtual function in base class"/>
        </error>
        <error id="missingOverride" severity="style" msg="The function &amp;#039;CleanUp&amp;#039; overrides a function in a base class but is not marked with a &amp;#039;override&amp;#039; specifier." verbose="The function &amp;#039;CleanUp&amp;#039; overrides a function in a base class but is not marked with a &amp;#039;override&amp;#039; specifier." sinceDate="08/04/2019">
            <location file="Motor2D\j1Map.h" line="117" info="Function in derived class"/>
            <location file="Motor2D\j1Module.h" line="60" info="Virtual function in base class"/>
        </error>
        <error id="missingOverride" severity="style" msg="The function &amp;#039;Awake&amp;#039; overrides a function in a base class but is not marked with a &amp;#039;override&amp;#039; specifier." verbose="The function &amp;#039;Awake&amp;#039; overrides a function in a base class but is not marked with a &amp;#039;override&amp;#039; specifier." sinceDate="08/04/2019">
            <location file="Motor2D\j1Render.h" line="18" info="Function in derived class"/>
            <location file="Motor2D\j1Module.h" line="30" info="Virtual function in base class"/>
        </error>
        <error id="missingOverride" severity="style" msg="The function &amp;#039;Start&amp;#039; overrides a function in a base class but is not marked with a &amp;#039;override&amp;#039; specifier." verbose="The function &amp;#039;Start&amp;#039; overrides a function in a base class but is not marked with a &amp;#039;override&amp;#039; specifier." sinceDate="08/04/2019">
            <location file="Motor2D\j1Render.h" line="21" info="Function in derived class"/>
            <location file="Motor2D\j1Module.h" line="36" info="Virtual function in base class"/>
        </error>
        <error id="missingOverride" severity="style" msg="The function &amp;#039;PreUpdate&amp;#039; overrides a function in a base class but is not marked with a &amp;#039;override&amp;#039; specifier." verbose="The function &amp;#039;PreUpdate&amp;#039; overrides a function in a base class but is not marked with a &amp;#039;override&amp;#039; specifier." sinceDate="08/04/2019">
            <location file="Motor2D\j1Render.h" line="24" info="Function in derived class"/>
            <location file="Motor2D\j1Module.h" line="42" info="Virtual function in base class"/>
        </error>
        <error id="missingOverride" severity="style" msg="The function &amp;#039;PostUpdate&amp;#039; overrides a function in a base class but is not marked with a &amp;#039;override&amp;#039; specifier." verbose="The function &amp;#039;PostUpdate&amp;#039; overrides a function in a base class but is not marked with a &amp;#039;override&amp;#039; specifier." sinceDate="08/04/2019">
            <location file="Motor2D\j1Render.h" line="25" info="Function in derived class"/>
            <location file="Motor2D\j1Module.h" line="54" info="Virtual function in base class"/>
        </error>
        <error id="missingOverride" severity="style" msg="The function &amp;#039;CleanUp&amp;#039; overrides a function in a base class but is not marked with a &amp;#039;override&amp;#039; specifier." verbose="The function &amp;#039;CleanUp&amp;#039; overrides a function in a base class but is not marked with a &amp;#039;override&amp;#039; specifier." sinceDate="08/04/2019">
            <location file="Motor2D\j1Render.h" line="28" info="Function in derived class"/>
            <location file="Motor2D\j1Module.h" line="60" info="Virtual function in base class"/>
        </error>
        <error id="missingOverride" severity="style" msg="The function &amp;#039;Load&amp;#039; overrides a function in a base class but is not marked with a &amp;#039;override&amp;#039; specifier." verbose="The function &amp;#039;Load&amp;#039; overrides a function in a base class but is not marked with a &amp;#039;override&amp;#039; specifier." sinceDate="08/04/2019">
            <location file="Motor2D\j1Render.h" line="31" info="Function in derived class"/>
            <location file="Motor2D\j1Module.h" line="65" info="Virtual function in base class"/>
        </error>
        <error id="missingOverride" severity="style" msg="The function &amp;#039;Save&amp;#039; overrides a function in a base class but is not marked with a &amp;#039;override&amp;#039; specifier." verbose="The function &amp;#039;Save&amp;#039; overrides a function in a base class but is not marked with a &amp;#039;override&amp;#039; specifier." sinceDate="08/04/2019">
            <location file="Motor2D\j1Render.h" line="32" info="Function in derived class"/>
            <location file="Motor2D\j1Module.h" line="70" info="Virtual function in base class"/>
        </error>
        <error id="missingOverride" severity="style" msg="The function &amp;#039;Awake&amp;#039; overrides a function in a base class but is not marked with a &amp;#039;override&amp;#039; specifier." verbose="The function &amp;#039;Awake&amp;#039; overrides a function in a base class but is not marked with a &amp;#039;override&amp;#039; specifier." sinceDate="08/04/2019">
            <location file="Motor2D\j1Textures.h" line="20" info="Function in derived class"/>
            <location file="Motor2D\j1Module.h" line="30" info="Virtual function in base class"/>
        </error>
        <error id="missingOverride" severity="style" msg="The function &amp;#039;Start&amp;#039; overrides a function in a base class but is not marked with a &amp;#039;override&amp;#039; specifier." verbose="The function &amp;#039;Start&amp;#039; overrides a function in a base class but is not marked with a &amp;#039;override&amp;#039; specifier." sinceDate="08/04/2019">
            <location file="Motor2D\j1Textures.h" line="23" info="Function in derived class"/>
            <location file="Motor2D\j1Module.h" line="36" info="Virtual function in base class"/>
        </error>
        <error id="missingOverride" severity="style" msg="The function &amp;#039;CleanUp&amp;#039; overrides a function in a base class but is not marked with a &amp;#039;override&amp;#039; specifier." verbose="The function &amp;#039;CleanUp&amp;#039; overrides a function in a base class but is not marked with a &amp;#039;override&amp;#039; specifier." sinceDate="08/04/2019">
            <location file="Motor2D\j1Textures.h" line="26" info="Function in derived class"/>
            <location file="Motor2D\j1Module.h" line="60" info="Virtual function in base class"/>
        </error>
        <error id="functionStatic" severity="performance" msg="Technically the member function &amp;#039;j1Textures::GetSize&amp;#039; can be static (but you may consider moving to unnamed namespace)." verbose="The member function &amp;#039;j1Textures::GetSize&amp;#039; can be made a static function. Making a function static can bring a performance benefit since no &amp;#039;this&amp;#039; instance is passed to the function. This change should not cause compiler errors but it does not necessarily make sense conceptually. Think about your design and the task of the function first - is it a function that must not access members of class instances? And maybe it is more appropriate to move this function to a unnamed namespace." inconclusive="true" sinceDate="08/04/2019">
            <location file="Motor2D\j1Textures.h" line="32" info=""/>
            <location file="Motor2D\j1Textures.cpp" line="116" info=""/>
        </error>
        <error id="unreadVariable" severity="style" msg="Variable &amp;#039;cam.append_attribute(&amp;quot;y&amp;quot;)&amp;#039; is assigned a value that is never used." verbose="Variable &amp;#039;cam.append_attribute(&amp;quot;y&amp;quot;)&amp;#039; is assigned a value that is never used." sinceDate="08/04/2019">
            <location file="Motor2D\j1Render.cpp" line="100"/>
        </error>
        <error id="unreadVariable" severity="style" msg="Variable &amp;#039;scale&amp;#039; is assigned a value that is never used." verbose="Variable &amp;#039;scale&amp;#039; is assigned a value that is never used." sinceDate="08/04/2019">
            <location file="Motor2D\j1Render.cpp" line="228"/>
        </error>
        <error id="uninitMemberVar" severity="warning" msg="Member variable &amp;#039;j1Render::renderer&amp;#039; is not initialized in the constructor." verbose="Member variable &amp;#039;j1Render::renderer&amp;#039; is not initialized in the constructor." sinceDate="08/04/2019">
            <location file="Motor2D\j1Render.cpp" line="9"/>
        </error>
        <error id="uninitMemberVar" severity="warning" msg="Member variable &amp;#039;j1Render::camera&amp;#039; is not initialized in the constructor." verbose="Member variable &amp;#039;j1Render::camera&amp;#039; is not initialized in the constructor." sinceDate="08/04/2019">
            <location file="Motor2D\j1Render.cpp" line="9"/>
        </error>
        <error id="uninitMemberVar" severity="warning" msg="Member variable &amp;#039;j1Render::viewport&amp;#039; is not initialized in the constructor." verbose="Member variable &amp;#039;j1Render::viewport&amp;#039; is not initialized in the constructor." sinceDate="08/04/2019">
            <location file="Motor2D\j1Render.cpp" line="9"/>
        </error>
        <error id="uninitMemberVar" severity="warning" msg="Member variable &amp;#039;j1Scene::debug_tex&amp;#039; is not initialized in the constructor." verbose="Member variable &amp;#039;j1Scene::debug_tex&amp;#039; is not initialized in the constructor." sinceDate="08/04/2019">
            <location file="Motor2D\j1Scene.cpp" line="14"/>
        </error>
        <error id="functionStatic" severity="performance" msg="Technically the member function &amp;#039;j1Scene::Awake&amp;#039; can be static (but you may consider moving to unnamed namespace)." verbose="The member function &amp;#039;j1Scene::Awake&amp;#039; can be made a static function. Making a function static can bring a performance benefit since no &amp;#039;this&amp;#039; instance is passed to the function. This change should not cause compiler errors but it does not necessarily make sense conceptually. Think about your design and the task of the function first - is it a function that must not access members of class instances? And maybe it is more appropriate to move this function to a unnamed namespace." inconclusive="true" sinceDate="08/04/2019">
            <location file="Motor2D\j1Scene.h" line="18" info=""/>
            <location file="Motor2D\j1Scene.cpp" line="24" info=""/>
        </error>
        <error id="missingOverride" severity="style" msg="The function &amp;#039;Start&amp;#039; overrides a function in a base class but is not marked with a &amp;#039;override&amp;#039; specifier." verbose="The function &amp;#039;Start&amp;#039; overrides a function in a base class but is not marked with a &amp;#039;override&amp;#039; specifier." sinceDate="08/04/2019">
            <location file="Motor2D\j1Scene.h" line="21" info="Function in derived class"/>
            <location file="Motor2D\j1Module.h" line="36" info="Virtual function in base class"/>
        </error>
        <error id="missingOverride" severity="style" msg="The function &amp;#039;PreUpdate&amp;#039; overrides a function in a base class but is not marked with a &amp;#039;override&amp;#039; specifier." verbose="The function &amp;#039;PreUpdate&amp;#039; overrides a function in a base class but is not marked with a &amp;#039;override&amp;#039; specifier." sinceDate="08/04/2019">
            <location file="Motor2D\j1Scene.h" line="24" info="Function in derived class"/>
            <location file="Motor2D\j1Module.h" line="42" info="Virtual function in base class"/>
        </error>
        <error id="missingOverride" severity="style" msg="The function &amp;#039;Update&amp;#039; overrides a function in a base class but is not marked with a &amp;#039;override&amp;#039; specifier." verbose="The function &amp;#039;Update&amp;#039; overrides a function in a base class but is not marked with a &amp;#039;override&amp;#039; specifier." sinceDate="08/04/2019">
            <location file="Motor2D\j1Scene.h" line="27" info="Function in derived class"/>
            <location file="Motor2D\j1Module.h" line="48" info="Virtual function in base class"/>
        </error>
        <error id="missingOverride" severity="style" msg="The function &amp;#039;PostUpdate&amp;#039; overrides a function in a base class but is not marked with a &amp;#039;override&amp;#039; specifier." verbose="The function &amp;#039;PostUpdate&amp;#039; overrides a function in a base class but is not marked with a &amp;#039;override&amp;#039; specifier." sinceDate="08/04/2019">
            <location file="Motor2D\j1Scene.h" line="30" info="Function in derived class"/>
            <location file="Motor2D\j1Module.h" line="54" info="Virtual function in base class"/>
        </error>
        <error id="missingOverride" severity="style" msg="The function &amp;#039;CleanUp&amp;#039; overrides a function in a base class but is not marked with a &amp;#039;override&amp;#039; specifier." verbose="The function &amp;#039;CleanUp&amp;#039; overrides a function in a base class but is not marked with a &amp;#039;override&amp;#039; specifier." sinceDate="08/04/2019">
            <location file="Motor2D\j1Scene.h" line="33" info="Function in derived class"/>
            <location file="Motor2D\j1Module.h" line="60" info="Virtual function in base class"/>
        </error>
        <error id="uninitMemberVar" severity="warning" msg="Member variable &amp;#039;j1Window::width&amp;#039; is not initialized in the constructor." verbose="Member variable &amp;#039;j1Window::width&amp;#039; is not initialized in the constructor." sinceDate="08/04/2019">
            <location file="Motor2D\j1Window.cpp" line="9"/>
        </error>
        <error id="uninitMemberVar" severity="warning" msg="Member variable &amp;#039;j1Window::height&amp;#039; is not initialized in the constructor." verbose="Member variable &amp;#039;j1Window::height&amp;#039; is not initialized in the constructor." sinceDate="08/04/2019">
            <location file="Motor2D\j1Window.cpp" line="9"/>
        </error>
        <error id="uninitMemberVar" severity="warning" msg="Member variable &amp;#039;j1Window::scale&amp;#039; is not initialized in the constructor." verbose="Member variable &amp;#039;j1Window::scale&amp;#039; is not initialized in the constructor." sinceDate="08/04/2019">
            <location file="Motor2D\j1Window.cpp" line="9"/>
        </error>
    </errors>
</results>
